{
  "relation": {
    "precision": 1.0,
    "recall": 0.8,
    "f1-score": 0.888888888888889,
    "support": 5,
    "confused_with": {}
  },
  "immobiler": {
    "precision": 1.0,
    "recall": 1.0,
    "f1-score": 1.0,
    "support": 1,
    "confused_with": {}
  },
  "immobilier": {
    "precision": 1.0,
    "recall": 0.8,
    "f1-score": 0.888888888888889,
    "support": 5,
    "confused_with": {}
  },
  "avocat": {
    "precision": 0.75,
    "recall": 1.0,
    "f1-score": 0.8571428571428571,
    "support": 6,
    "confused_with": {}
  },
  "micro avg": {
    "precision": 0.8823529411764706,
    "recall": 0.8823529411764706,
    "f1-score": 0.8823529411764706,
    "support": 17
  },
  "macro avg": {
    "precision": 0.9375,
    "recall": 0.9,
    "f1-score": 0.9087301587301587,
    "support": 17
  },
  "weighted avg": {
    "precision": 0.9117647058823529,
    "recall": 0.8823529411764706,
    "f1-score": 0.8842203548085901,
    "support": 17
  }
}